0,SansTorso,Default,,
0,CombatZoneResize,133,251,508,391,TLResume,,
0,HeartTeleport,320,376,,,,,
0,HeartMode,0,,,,,,
0,TLPause,,,,,,,
0,SansAnimation,Idle,,,

0,skip to phase
0,JMPABS,Part1,

0,:Part1

0,SET,LoopVar,5,

0,:StartLoop,,,
0,JMPZ,EndLoop,$LoopVar,
0,SUB,LoopVar,$LoopVar,1

0,BoneV,133,300,45,0,210,
0.2,BoneV,133,250,45,0,210,
0,BoneV,133,350,45,0,210,

0,GasterBlaster,2,0,0,73,325,0,0.56666,0.1

1.2,BoneV,133,250,25,0,400,
0,BoneV,133,365,25,0,400,

1,JMPABS,StartLoop,,
0,:EndLoop,,,
0.EndAttack
